number,value,lgb_lr,lgb_num_leaves,lgb_max_depth,lgb_min_child_samples,lgb_subsample,lgb_colsample_bytree,lgb_reg_alpha,lgb_reg_lambda,xgb_lr,xgb_max_depth,xgb_min_child_weight,xgb_subsample,xgb_colsample_bytree,xgb_reg_alpha,xgb_reg_lambda,feature_selection,feature_selection_ratio,feature_selection_min,purge_days,min_purge_days,dl_d_model,dl_nhead,dl_num_layers,dl_dim_ff,dl_dropout,dl_lr,dl_batch_size,dl_epochs,dl_global_hidden,dl_fusion_hidden,gnn_node_hidden,gnn_layers,gnn_sigma,gnn_radius_km,gnn_gru_hidden,gnn_gru_layers,gnn_dropout,gnn_lr,gnn_batch_size,gnn_epochs,gnn_global_hidden,gnn_fusion_hidden,ensemble_grid_step,attr_n_features,attr_feature_selection,attr_dl_error,attr_gnn_error,attr_mag_rmse,attr_time_asym_rmse,attr_time_rmse,attr_n_models,attr_available_models,attr_holdout_combined,attr_holdout_mag_rmse,attr_holdout_time_asym_rmse
0,10.680596149069283,0.023688639503640783,222,12,29,0.5702083881990965,0.48579698618491146,0.0001707396743152812,5.3994844097874335,0.039913058785616795,10,2,0.9364594334728974,0.8578434524402319,0.0011526449540315614,0.23102018878452935,False,0.7836647510712832,37,31.17201863643748,14.01335210500283,256,8,1,128,0.38210993803866666,0.0046195751598136275,16,32,256,128,32,3,34.788356442042165,146.95846277645586,64,2,0.37265598225809093,0.0006130028679593761,32,19,128,128,0.02,143,False,DL fold best_state is None,"Expected all tensors to be on the same device, but found at least two devices, cuda:0 and cpu!",0.5231495061924848,9.111147630491828,9.032453925545374,2,"baseline,xgboost",12.233591161794527,2.545697444313188,9.687893717481339
1,10.575033976564878,0.09702573394120728,133,5,5,0.8669576428046754,0.7887715391161894,0.08241925264876443,3.487712624545931,0.011858906685575274,6,6,0.888396541644017,0.7428139697551568,0.004513257622008946,0.13400367243354802,False,0.8553621624183224,46,80.63865763383511,11.499868652915087,256,4,1,512,0.16002459337671435,0.0016126521335895596,16,34,256,128,64,1,91.40471987919823,103.93422419156508,64,1,0.1297773068896796,0.0013368349555492052,16,21,64,128,0.04,143,False,DL fold best_state is None,"Expected all tensors to be on the same device, but found at least two devices, cuda:0 and cpu!",0.5212006933345316,9.011431896561284,9.624813387609787,2,"baseline,xgboost",12.290485843109664,2.5346855506855777,9.755800292424087
2,10.79084389635341,0.02310093735409802,236,15,10,0.7237618276515734,0.5654830703992233,0.0013783578294796386,0.11851515660043109,0.0406971815895597,8,3,0.6253909089064751,0.8995462372816595,0.0015769192447197536,0.19489008462344254,False,0.6847193450290251,47,70.21442807228357,7.2774757918631945,64,4,2,512,0.055805740124749655,0.0016257848140834082,32,32,128,256,32,5,64.416064927957,102.96505783560065,128,3,0.2715855100456438,0.001091439822223209,32,28,64,128,0.04,143,False,DL fold best_state is None,"Expected all tensors to be on the same device, but found at least two devices, cuda:0 and cpu!",0.5288665835034091,9.204244145843182,9.181602182562537,2,"baseline,xgboost",,,
3,10.516680756987409,0.046078864571905936,15,5,25,0.811352838961712,0.7585786927264302,0.0007890004262668581,2.656797431288617,0.017268280218698494,6,38,0.7923348045712466,0.8670728757717978,0.19411739809629622,1.3696739838480052,False,0.6928208286886038,30,87.75987604445298,10.075759044001687,64,8,2,256,0.37916050452352,0.004496748322718375,16,39,128,64,32,3,94.89238193286248,119.6029796674973,128,3,0.09902940533278343,0.0016492999913537295,8,25,256,256,0.02,143,False,DL fold best_state is None,"Expected all tensors to be on the same device, but found at least two devices, cuda:0 and cpu!",0.5171438714566499,8.96524914261746,9.10345128018704,2,"baseline,xgboost",12.070472702982629,2.5486635090635676,9.521809193919061
4,10.573501141079241,0.06284853792838702,94,12,53,0.9005024038179048,0.5858973362683447,0.00317930219993954,0.1541572234890904,0.03786867772813403,3,24,0.7441900856184095,0.5575976886705565,0.08998420889037455,0.11508017135300931,False,0.726066724493942,25,50.346190584548765,16.859883955774997,96,8,6,512,0.144791287941726,0.0013738566652113896,64,36,64,256,32,5,79.03175333566148,105.43540525114007,32,2,0.3152461386625292,0.0005168487770117259,8,28,64,64,0.02,143,False,DL fold best_state is None,"Expected all tensors to be on the same device, but found at least two devices, cuda:0 and cpu!",0.5183578629240275,9.018427552307159,9.101756023300823,2,"baseline,xgboost",,,
5,10.398259254832478,0.04129049582940024,90,3,14,0.7816369620714063,0.6767249422190482,0.2666609148594749,2.076764556616243,0.014552393414438924,3,33,0.5119300897437298,0.7221765697004048,5.025175192217658,1.4156254304586418,False,0.7603885116720308,42,85.14157912845158,9.949847480413936,64,8,1,256,0.33506396890612755,0.0009568079587033934,32,37,128,256,32,4,47.264283220241424,143.07573256035647,32,3,0.08609335409257642,0.003995056364976249,16,29,256,256,0.02,143,False,DL fold best_state is None,"Expected all tensors to be on the same device, but found at least two devices, cuda:0 and cpu!",0.514627753595836,8.85437599404497,9.019542686803915,2,"baseline,xgboost",12.191151574320267,2.5042645300677857,9.686887044252481
6,10.546387060567309,0.04283879164439556,52,6,12,0.8026333052346672,0.813805991190724,0.14666151770108524,3.795214141463415,0.012336901664320325,7,3,0.7472879970456809,0.6428417757553574,2.7448645214004346,0.5033035864411283,False,0.8665287211011152,45,15.393182118191591,4.513922510069953,128,4,3,512,0.31368236484062956,0.0011891306954885678,32,26,64,128,128,4,66.66950120777277,146.21725484745417,128,1,0.387127888804214,0.0005141910097154732,8,22,64,64,0.02,143,False,DL fold best_state is None,"Expected all tensors to be on the same device, but found at least two devices, cuda:0 and cpu!",0.5178105366176847,8.992955450714254,9.23879815645368,2,"baseline,xgboost",,,
7,10.743703159870806,0.04241877085788319,78,14,5,0.6264334353165036,0.9227263162421072,0.3639612396485067,0.8152926095771763,0.04169966805125599,5,10,0.7086642822229919,0.5943437254143291,0.08284771967185929,0.14304387745680647,False,0.8443565999069107,41,32.6907921517652,17.648310354725076,256,2,6,128,0.1817621784073174,0.003232386878415026,16,24,64,64,64,5,99.73094696591244,105.54317056026275,64,1,0.20769044735853276,0.000673177232796811,8,24,64,256,0.04,143,False,DL fold best_state is None,"Expected all tensors to be on the same device, but found at least two devices, cuda:0 and cpu!",0.525089221346313,9.168435495831867,9.329127619945233,2,"baseline,xgboost",,,
8,10.832888951833429,0.03563746787062914,72,14,16,0.5603068528027884,0.41583047197233647,0.10484531351650946,1.7402798941249735,0.0505917576786088,5,7,0.5065450995505468,0.5928231573436283,0.08904067307938413,0.6088188496927436,False,0.721889413458155,41,72.04320005751488,10.137770081782863,128,2,6,512,0.1340509665723676,0.0005954335923727245,64,18,64,64,64,1,42.287227122556686,67.70104842767468,128,1,0.1774944513668264,0.0015936291870799616,32,23,256,256,0.02,143,False,DL fold best_state is None,"Expected all tensors to be on the same device, but found at least two devices, cuda:0 and cpu!",0.528589606418369,9.24712013257832,9.159258118922624,2,"baseline,xgboost",,,
9,10.474081741557157,0.01619382058562133,42,9,31,0.6660111378063975,0.6543940938732313,0.09769756791866073,0.11840400859653273,0.017882858672204755,10,45,0.7302548489520497,0.6926624168959237,0.00034344726058983886,0.7849188043830676,True,0.6942351308322833,35,8.665909415551289,8.797424980497208,192,4,1,512,0.20108084118038783,0.0006707339776461751,64,29,128,64,32,2,33.86988762358038,139.67654246264252,64,3,0.08921361575881834,0.0012497570731744188,8,16,256,128,0.02,35,True,DL fold best_state is None,"Expected all tensors to be on the same device, but found at least two devices, cuda:0 and cpu!",0.5168600365429096,8.923501631928428,8.95126806256608,2,"baseline,xgboost",,,
10,10.498989614163547,0.025700825344928502,143,6,45,0.7474235584761111,0.5649979031746007,0.028662607928292866,7.004190937824626,0.020909174772527992,6,21,0.504872002674166,0.7392507692632566,0.4060772280436329,8.203401560187967,False,0.9258497869344655,49,53.754727816934675,6.528894376570222,64,8,2,256,0.3676791655691281,0.0017843322105546523,32,30,128,64,64,3,44.83398656597066,146.1223506994577,64,3,0.11470356269622205,0.003258761582033283,16,21,256,256,0.04,143,False,DL fold best_state is None,"Expected all tensors to be on the same device, but found at least two devices, cuda:0 and cpu!",0.5141812699462893,8.956445804324678,8.985308077321587,2,"baseline,xgboost",12.176453524311508,2.5307487873778483,9.64570473693366
11,10.460050470765946,0.054914244132425356,22,4,15,0.7628901114658384,0.7431483861736006,0.05351522515754284,2.789396843270099,0.02663074294623132,6,36,0.5866703891486665,0.6895569608135763,7.885726886730647,1.179064013553974,False,0.7087956949783104,41,77.57234062689754,6.162019108445467,256,8,3,256,0.3051522751888445,0.001149741983576884,32,39,128,256,32,2,31.78805413775595,142.94573318307326,32,2,0.14726870345856788,0.003950410412011658,16,29,256,256,0.02,143,False,DL fold best_state is None,"Expected all tensors to be on the same device, but found at least two devices, cuda:0 and cpu!",0.5152812672894616,8.914206668897561,9.150381205676483,2,"baseline,xgboost",,,
12,10.57034748631379,0.09892428333998082,21,3,6,0.7692995460215137,0.9153192816725715,0.5554647627468375,1.351920793876184,0.03282521467695234,5,20,0.6077731762615834,0.8110476018039411,3.769829689985343,1.5497032218763875,False,0.7156008564625645,27,57.831032244599264,11.793693778681508,256,8,2,256,0.2592916911576487,0.001785924748526679,32,38,128,256,128,2,28.793710781965842,148.97745663001177,32,2,0.1610881637092715,0.0029493993931431215,16,30,256,64,0.02,143,False,DL fold best_state is None,"Expected all tensors to be on the same device, but found at least two devices, cuda:0 and cpu!",0.5157074538144971,9.023225124870297,9.24056481915049,2,"baseline,xgboost",,,
13,10.393704121200386,0.04907656332617849,65,3,13,0.8816193492870938,0.6304165798378959,0.6235322752592583,4.069333275638885,0.010792289910463073,5,36,0.5765663458683137,0.6101506435828896,5.247598355260477,2.1782137002255175,False,0.7894934579240606,33,83.60078432295899,6.7927666207767645,64,2,3,256,0.18996554076034558,0.0010335532317125716,64,32,128,256,32,5,28.981168338863043,139.71273196588672,32,3,0.07567898032228772,0.004464115384102975,16,26,256,256,0.02,143,False,DL fold best_state is None,"Expected all tensors to be on the same device, but found at least two devices, cuda:0 and cpu!",0.515887656879408,8.846041150562161,9.002344940815446,2,"baseline,xgboost",12.176130477093144,2.4964182495900222,9.679712227503122
14,10.43222864585728,0.08425980494427276,30,6,12,0.8035373896441833,0.533015789401091,0.11277924143139541,8.182354035843295,0.013944821660554519,4,42,0.8039963858066824,0.5604977665380778,0.8364773350945028,8.846906980215065,False,0.7967499123668943,43,84.86180904037042,7.787255780714306,64,2,5,256,0.1112819056529218,0.0017745139519463621,64,31,128,64,32,4,25.197955168299114,135.04100029229033,128,3,0.08501794048338855,0.00241431283357162,16,25,256,128,0.02,143,False,DL fold best_state is None,"Expected all tensors to be on the same device, but found at least two devices, cuda:0 and cpu!",0.514451472061238,8.888874229673567,9.276125860634663,2,"baseline,xgboost",,,
15,10.432237463645151,0.025116528700760397,43,6,6,0.827116398923715,0.4157545955260439,0.0523324059375345,3.927347904726035,0.011636198315854355,6,23,0.626906655654161,0.6458607381931392,2.899706480168147,0.9302107135838646,False,0.7376901230834968,38,69.16528521930073,13.872662474149756,64,8,1,256,0.18623233387889698,0.000723434567051192,64,36,128,256,64,5,56.38018192857399,131.7128674097708,32,2,0.08501254689286625,0.002298432325617451,16,29,128,256,0.04,143,False,DL fold best_state is None,"Expected all tensors to be on the same device, but found at least two devices, cuda:0 and cpu!",0.5148997551768179,8.887538198114697,9.031790338332884,2,"baseline,xgboost",,,
16,10.453184916672857,0.02706071704406305,64,5,28,0.9244591082810594,0.8059077735960702,0.0346833545140183,1.1332941797444087,0.012172717476535064,5,20,0.528995954340923,0.8661299992765609,0.24301655431101465,1.394710908306345,False,0.7410508907208049,53,69.02859907190518,19.741694632170734,64,8,2,256,0.2583628111701433,0.0015540124268704383,16,36,128,256,64,3,50.77202003190602,121.43159152406557,64,3,0.08508992688913146,0.002093597547538004,16,30,256,256,0.02,143,False,DL fold best_state is None,"Expected all tensors to be on the same device, but found at least two devices, cuda:0 and cpu!",0.5129793247655012,8.914246942376353,9.065209852244106,2,"baseline,xgboost",,,
17,10.40376844656475,0.05484003817520865,210,3,10,0.7894449668018384,0.8208179492538735,0.0867876167371338,1.1694901589643851,0.010385686758208461,8,41,0.5098139210711923,0.5287256435425741,0.26528514109911594,1.3839045296153492,False,0.7436185018133101,34,84.31259989356415,12.611891032320548,128,4,1,512,0.38226594335461844,0.0024662198839523614,32,36,128,64,32,4,36.52511218372082,139.22173229497702,32,3,0.05836263448203473,0.004626854078027556,16,20,256,256,0.04,143,False,DL fold best_state is None,"Expected all tensors to be on the same device, but found at least two devices, cuda:0 and cpu!",0.5140536486104618,8.861607500733365,9.051222572687447,2,"baseline,xgboost",,,
18,10.443602707637986,0.05975998115764961,178,3,9,0.8769722160854914,0.5016969093311446,0.7114112014258096,1.2739382003653537,0.021514924898681842,4,37,0.524894711373285,0.44681042622502604,0.13302190366802857,4.543093786678388,False,0.8784518859395499,30,60.258594043881246,12.555489301020899,64,2,1,256,0.1120572152228871,0.0012246670089461698,16,33,128,256,32,4,31.706101328398322,143.91495212958282,32,1,0.062187661533636,0.002808526630583867,16,22,128,256,0.02,143,False,DL fold best_state is None,"Expected all tensors to be on the same device, but found at least two devices, cuda:0 and cpu!",0.5134501336314873,8.903252306743523,9.05453689875223,2,"baseline,xgboost",,,
19,10.418367320753863,0.053790103536842174,87,8,28,0.7502714006000896,0.6101843946507076,0.13074617406992045,9.318960799303952,0.011298394869931474,8,34,0.5979149387838597,0.5433899635007818,3.2785913716690227,2.3757765394416928,True,0.7756040688960554,34,62.79281430442044,4.168749755049825,96,2,3,256,0.2858707298524561,0.0006837929858129351,64,35,128,256,32,5,61.69934917464988,101.31817366582926,64,2,0.1045216105435257,0.004328292129481445,16,29,256,128,0.02,34,True,DL fold best_state is None,"Expected all tensors to be on the same device, but found at least two devices, cuda:0 and cpu!",0.5148260047994055,8.873889306355645,9.21626959709453,2,"baseline,xgboost",,,
20,10.465328099904143,0.041256889311808854,121,4,35,0.7532381035419652,0.7308662390153148,0.5929546705835171,0.48974386056674213,0.020011401766395598,4,34,0.5832633936952045,0.46953580217392216,1.371474581005971,0.30855913489296777,True,0.8067992160194242,55,31.22090273621982,14.489883282242959,64,8,1,256,0.3121840224472722,0.0007344687179341736,32,37,128,256,32,5,39.24001803125435,122.08141354297854,32,2,0.10444414650039663,0.0039942610721823936,32,27,256,256,0.02,55,True,DL fold best_state is None,"Expected all tensors to be on the same device, but found at least two devices, cuda:0 and cpu!",0.512745191929239,8.927092524116427,9.07254626625469,2,"baseline,xgboost",12.341873690582805,2.5426560945595997,9.799217596023205
21,10.42520542891007,0.09730692883482107,178,4,14,0.7816977569805658,0.8311224239063651,0.6916442416518053,0.5650397714300306,0.010336174951154707,9,45,0.5353073755113863,0.47041469823672133,1.4939298243364538,1.616208099761652,False,0.6860315076869147,37,82.99877413508668,9.22850698445389,128,4,1,512,0.36581110822808366,0.002454305566328736,32,30,128,64,32,2,24.585311924922685,106.90645883513736,32,2,0.09017072898998829,0.004400951961888271,16,18,256,256,0.04,143,False,DL fold best_state is None,"Expected all tensors to be on the same device, but found at least two devices, cuda:0 and cpu!",0.5149635651867425,8.880314733349843,9.405371413098452,2,"baseline,xgboost",,,
22,10.401115083220818,0.03784335570988219,207,4,30,0.7645380156629499,0.6315804153174599,0.3705772584479726,2.3632268242176635,0.010269979482132614,4,36,0.5137538922887407,0.6799928065957317,1.0130686250785976,3.4781654505530173,False,0.7040717430788976,45,84.81116285732074,12.232397731572885,64,8,1,256,0.2622801298226657,0.0005429326671810173,32,29,256,256,128,3,57.50550617266876,137.07514040115367,32,3,0.09443713831387063,0.003271832678504786,16,27,64,64,0.02,143,False,DL fold best_state is None,"Expected all tensors to be on the same device, but found at least two devices, cuda:0 and cpu!",0.5139016460288263,8.859410145134339,9.052916642010947,2,"baseline,xgboost",,,
23,10.48856210224768,0.04345707871942048,218,4,10,0.6093854078150569,0.7387151827178096,0.4332920251331375,0.8829403644096908,0.019278922604188113,7,37,0.6083561302013605,0.7630566899584513,0.7035524560072066,1.463454996019237,False,0.7208486889374007,54,80.30262762909543,11.494772194100038,64,2,3,256,0.27101993331747354,0.0005392389190974709,32,26,256,256,128,4,69.2614893283722,147.57732667609417,64,3,0.12042761799098911,0.0016327147884969424,16,28,64,64,0.02,143,False,DL fold best_state is None,"Expected all tensors to be on the same device, but found at least two devices, cuda:0 and cpu!",0.5165128820632807,8.939023456057837,9.066533194225205,2,"baseline,xgboost",,,
24,10.392013291906856,0.043989748343614604,185,6,42,0.774144542041775,0.5275706816627322,0.05697448701264843,1.35189531283596,0.013130067091378176,3,32,0.5348177284234472,0.4407408781409926,1.275905254300679,1.8238883717738001,False,0.6716073669334045,31,89.54379090197772,13.862133547111723,64,8,2,128,0.23240513963236614,0.0006060252457902596,32,25,256,256,128,4,53.64719157689608,142.0962454890588,32,3,0.15782021932849494,0.0026716369878375798,16,24,64,256,0.02,143,False,DL fold best_state is None,"Expected all tensors to be on the same device, but found at least two devices, cuda:0 and cpu!",0.5128649716414525,8.853418376982498,9.07820064692311,2,"baseline,xgboost",12.248255321738853,2.515210122748125,9.733045198990729
25,10.461458948858798,0.05657532423386346,248,5,23,0.8361534320251031,0.6164923887777858,0.3292094315028708,3.4375992364038477,0.012915693417154546,8,24,0.6313369411951235,0.6444087264830615,3.004329473719593,5.820017097059693,False,0.805309909311388,30,52.62785139714817,8.069512715011356,128,2,4,128,0.24144987623653077,0.0013006518100273782,64,32,128,64,32,4,35.19110190149324,138.9962701830029,32,3,0.14450994847155751,0.0031987200258038356,8,23,256,64,0.02,143,False,DL fold best_state is None,"Expected all tensors to be on the same device, but found at least two devices, cuda:0 and cpu!",0.5144863708629392,8.91799983626998,9.230545777975202,2,"baseline,xgboost",,,
26,10.418790033626854,0.01815569181757583,125,5,39,0.878862037843567,0.5187509376792957,0.12797885594718272,0.4686246277541483,0.015077652020382453,6,39,0.603258522484339,0.47096685153971823,2.8401254197072365,2.2513140470490405,False,0.6952093207528813,20,75.86138312106593,12.446226172299971,96,8,3,128,0.13521860619054854,0.0009138903054860912,16,32,256,256,32,5,72.79636599662552,136.9484480968963,32,3,0.13830966458077212,0.002797848856830055,16,19,128,256,0.02,143,False,DL fold best_state is None,"Expected all tensors to be on the same device, but found at least two devices, cuda:0 and cpu!",0.5145259444364699,8.875212200317444,8.949789966527106,2,"baseline,xgboost",,,
27,10.470687619176589,0.03736345014772607,52,5,16,0.9101968868368692,0.7869448172484111,0.6515769560216634,5.729657603004557,0.021819453672205575,3,39,0.6820662159648425,0.8261085409621071,0.08016886279181995,2.066151157118102,False,0.8266251056186039,25,81.87762947297698,6.891207600446761,96,2,3,256,0.12233814202261586,0.001441869186391731,64,35,128,256,32,5,42.43808155124007,111.79351053762814,32,3,0.22727329334677832,0.0029024478873232546,16,26,256,256,0.02,143,False,DL fold best_state is None,"Expected all tensors to be on the same device, but found at least two devices, cuda:0 and cpu!",0.5143101836359233,8.92775706826882,9.133862337195286,2,"baseline,xgboost",,,
28,10.404389983582508,0.018686254283585092,68,3,13,0.7806519310422947,0.5736288793400856,0.6378481805445452,5.566014825242136,0.012900885745097368,5,44,0.5765712045360742,0.8379811886408023,1.4793097299979092,0.6880174485164005,False,0.6910776370822315,41,79.6946547663082,12.265760930051462,64,8,1,128,0.3540137079352364,0.0013985419752223852,32,36,256,128,32,5,55.786728196811175,142.7100244731317,128,3,0.07168136473026294,0.0049906328354891,16,29,256,256,0.02,143,False,DL fold best_state is None,"Expected all tensors to be on the same device, but found at least two devices, cuda:0 and cpu!",0.5145380588035218,8.860775807171942,8.917329510610688,2,"baseline,xgboost",,,
29,10.440804507776518,0.04809482639539966,128,5,71,0.6169292806749402,0.5215387788758759,0.024520262659313008,1.1804719667065047,0.021568048518146185,4,36,0.5090857981901494,0.6391744363736747,0.6309880134913558,2.500720468584395,False,0.6263424113808752,32,83.8811195639722,9.457824800555194,64,8,2,128,0.21926361606942718,0.0008722099033883128,32,15,64,128,128,5,86.86075041258655,128.37105286629256,64,3,0.25772405918993757,0.0037270798524175744,32,25,64,256,0.04,143,False,DL fold best_state is None,"Expected all tensors to be on the same device, but found at least two devices, cuda:0 and cpu!",0.5137557772804844,8.899537175935064,8.976564667452115,2,"baseline,xgboost",,,
30,10.418836390667664,0.05928691497935244,74,4,12,0.9041828199391488,0.42348525310920626,0.3853519597314525,5.479540161403532,0.012913398611697335,4,34,0.5965876604501016,0.5798955400730779,0.9343755815310179,1.4635952664505087,False,0.7266716376419273,42,80.71483893011415,7.102049504222866,256,2,2,256,0.24180720460805813,0.0005923751146420851,64,33,256,256,32,5,21.57554045840704,137.15064609827434,32,3,0.10681744641020208,0.004700964874145473,16,29,256,256,0.02,143,False,DL fold best_state is None,"Expected all tensors to be on the same device, but found at least two devices, cuda:0 and cpu!",0.5132691440824437,8.879028958420333,9.122112501225493,2,"baseline,xgboost",12.094511901156856,2.517612850500219,9.576899050656637
31,10.39547272606164,0.04339358110999899,80,7,61,0.7662642303672262,0.6998155526389134,0.1752335260054561,4.007469499171655,0.013277493519175435,3,33,0.5882179785896527,0.7430989974169808,0.19438515075462764,1.6297236683319742,False,0.6120209857479701,40,68.18335711148367,13.673146957088747,96,4,1,256,0.2440414345222932,0.001563000178774739,32,28,64,256,128,4,42.658696223464034,148.00111554423307,32,2,0.1863203877998,0.004123736794239729,16,30,64,64,0.02,143,False,DL fold best_state is None,"Expected all tensors to be on the same device, but found at least two devices, cuda:0 and cpu!",0.5125629368008054,8.857783915659224,9.008269406966681,2,"baseline,xgboost",,,
32,10.41266780244257,0.05648533441969234,64,9,32,0.6292049630960924,0.8230452194864745,0.09224973918590641,8.934140355629724,0.011058019495596316,4,33,0.5465290995244535,0.775187265847267,3.597306962690542,1.6934497932160846,False,0.7595793371887176,43,70.89046122250095,11.370276145140902,96,4,2,256,0.2353947373711308,0.0021343677576771305,16,21,64,256,128,4,52.87131559484638,141.5977859878785,32,2,0.13861725276284403,0.004137945525255725,32,26,256,64,0.02,143,False,DL fold best_state is None,"Expected all tensors to be on the same device, but found at least two devices, cuda:0 and cpu!",0.5147065157388208,8.868548255226107,9.208063696068509,2,"baseline,xgboost",,,
33,10.436459098273913,0.05109638344816758,186,5,55,0.8805858370338023,0.7273167703986148,0.06632690490220405,4.094316169368903,0.013124414919435909,4,28,0.5831802132836766,0.8276089488320879,0.02915051903267202,0.5236638793500545,False,0.6178071189063326,31,70.9584142343328,13.895398671249728,96,4,2,256,0.28155068245225523,0.0019331244963942834,32,19,64,256,128,4,35.44294210993339,139.82866819118735,32,2,0.14426982145934628,0.0026104223271729067,16,30,64,64,0.02,143,False,DL fold best_state is None,"Expected all tensors to be on the same device, but found at least two devices, cuda:0 and cpu!",0.5134174954469124,8.896206611933176,9.060144399744784,2,"baseline,xgboost",,,
34,10.438546420581424,0.07147881018821134,217,4,13,0.8146698571471819,0.6200805381394965,0.004076484348358342,1.4533110827804263,0.021375435647279416,5,27,0.5161918799620608,0.47274787916592254,6.450011070674534,3.913672590715672,False,0.6505420819197063,26,76.02022186191896,14.723096890656407,64,8,2,128,0.2327435713370584,0.0011789561864569962,32,24,256,256,128,3,49.52183034183198,134.021793765751,128,3,0.15419948350910223,0.002854110434956786,16,12,64,256,0.02,143,False,DL fold best_state is None,"Expected all tensors to be on the same device, but found at least two devices, cuda:0 and cpu!",0.5145372747732327,8.894934596261725,9.218208038580906,2,"baseline,xgboost",,,
35,10.402356692411384,0.08667430164518986,89,7,82,0.6244746545220686,0.4654173672432209,0.5529795726357551,1.0851914590803187,0.015179014253389658,4,35,0.6114080054273773,0.5341760656000772,3.802247183747124,3.4172798123261336,False,0.7368950245898788,27,89.77471672967343,13.118533925575173,64,2,3,512,0.23197145893653878,0.0005375134400456946,32,26,128,256,128,5,49.63711188971225,147.42399820528834,32,3,0.1681213126601328,0.0014780185346410695,16,24,256,256,0.04,143,False,DL fold best_state is None,"Expected all tensors to be on the same device, but found at least two devices, cuda:0 and cpu!",0.5144465461770551,8.859017053880219,9.05284044559256,2,"baseline,xgboost",,,
36,10.416770939730771,0.04365987561015651,154,8,26,0.6979214947048008,0.572983583862112,0.07868154652879053,0.5431646434901717,0.01474619987223524,3,22,0.5665257614542866,0.4705762351878241,3.895960767199184,0.8923744794498601,False,0.7030730825841041,32,89.4609222697011,12.75361520147494,64,2,1,128,0.14563481645039972,0.001228885115712241,16,18,256,64,32,3,59.23721233135548,144.1814471084405,32,3,0.07968893675640985,0.0009351268991057728,16,23,64,256,0.02,143,False,DL fold best_state is None,"Expected all tensors to be on the same device, but found at least two devices, cuda:0 and cpu!",0.5140204208275263,8.874709677248193,9.169564107484153,2,"baseline,xgboost",,,
37,10.397424506876687,0.039497267747290246,58,4,16,0.8138548178074174,0.7324540074711361,0.5703054958187141,1.0710518917676444,0.010628272557568794,4,32,0.526157001828094,0.8914465272103669,1.7678344917687565,3.4949134254412013,False,0.6917082038214672,43,62.553834803172236,10.739946201485402,64,2,2,256,0.3309768181509095,0.000720166008664773,32,38,128,256,32,4,43.81064371532335,125.83881001764989,64,3,0.1410298611260669,0.004404108155869379,16,25,256,128,0.02,143,False,DL fold best_state is None,"Expected all tensors to be on the same device, but found at least two devices, cuda:0 and cpu!",0.514097626887081,8.855131626215444,9.037435337489248,2,"baseline,xgboost",,,
38,10.43742389651014,0.06470734275268296,44,5,37,0.9118766316155398,0.74890562768292,0.7300369215828844,0.356852671308308,0.014500059316282652,5,32,0.5923842194780201,0.763415140750735,3.325625417471801,8.136484269795728,False,0.6454794829861102,47,73.20827767458815,16.025756571984203,192,2,2,256,0.27213117743811877,0.0013894895888635491,32,37,128,256,32,5,53.59230698868629,116.58069637962019,64,2,0.2751043226481825,0.0023124675960318896,16,22,256,128,0.02,143,False,DL fold best_state is None,"Expected all tensors to be on the same device, but found at least two devices, cuda:0 and cpu!",0.5146691054557083,8.893416580143015,9.258917502242344,2,"baseline,xgboost",,,
39,10.406766125762564,0.06964627373396305,40,8,70,0.6703356869618917,0.8037049118446927,0.014292495066080975,4.828507833427135,0.011963888693350584,3,40,0.5916821627840216,0.612531016407109,0.1252757864812622,0.6192609842631037,False,0.6877572951512465,54,34.929825459514,11.972640350998105,96,4,1,512,0.30225122501118684,0.0011366144197390066,32,34,64,128,128,4,41.20350483831263,133.7516819951853,32,1,0.2533332614293896,0.0044227245859620725,16,30,64,64,0.02,143,False,DL fold best_state is None,"Expected all tensors to be on the same device, but found at least two devices, cuda:0 and cpu!",0.5131847879279648,8.86721176197867,9.13498649394388,2,"baseline,xgboost",,,
40,10.385758233243674,0.03251390238252604,117,5,42,0.8312226169131035,0.4726496682414586,0.004096068548202105,4.957269805229307,0.011676574733366946,3,31,0.5975941368381599,0.5065251413031152,3.6190216485756705,1.2651669402279198,False,0.6050453833619983,30,89.74646863791418,9.148877614748738,128,8,1,512,0.18735564715259623,0.0007274011965358662,32,24,256,64,128,5,45.873902340852716,134.12851704070678,64,2,0.13521739935565963,0.0028676107249096445,16,23,64,256,0.04,143,False,DL fold best_state is None,"Expected all tensors to be on the same device, but found at least two devices, cuda:0 and cpu!",0.5149964917741002,8.840768757921373,9.011022047411123,2,"baseline,xgboost",12.062983179599755,2.5171285771084304,9.545854602491325
41,10.420919990091909,0.05421091233645124,34,7,19,0.8205275308278837,0.6008256143923536,0.004530083959737812,9.79106496474499,0.01364206761706052,4,38,0.6330380021079083,0.414146123180009,1.9346507361962517,2.1687976029561393,False,0.6342748402853589,38,86.03974004671808,6.166132422023663,128,8,1,128,0.1293419684542554,0.0005657681798070834,16,22,256,64,128,5,48.848003410949346,128.59552956188912,64,2,0.12305409605443186,0.0018801919006499197,16,21,256,256,0.04,143,False,DL fold best_state is None,"Expected all tensors to be on the same device, but found at least two devices, cuda:0 and cpu!",0.5142503638101036,8.878168898661597,9.178180215117978,2,"baseline,xgboost",,,
42,10.370723012426453,0.0464205200803896,167,5,88,0.7814078129885316,0.597643466260136,0.013059154337455315,2.4553524709222008,0.010567370236484621,3,35,0.6389455356576705,0.4459915803459923,6.126273487329207,1.6525148267014271,False,0.6942979348433767,30,81.01928638856599,12.715350884781342,192,8,1,512,0.1736046494106595,0.0008640268468875033,32,24,256,64,128,5,42.64800976500682,137.67608157501394,64,2,0.05539313350569104,0.0030531177049421157,16,22,128,256,0.04,143,False,DL fold best_state is None,"Expected all tensors to be on the same device, but found at least two devices, cuda:0 and cpu!",0.5169397342152294,8.819903809780763,8.94775125401899,2,"baseline,xgboost",12.242518325004387,2.514482112259968,9.728036212744419
43,10.369160891326846,0.04288048317165013,74,6,96,0.8392081620137987,0.49539032292473206,0.0032968681580295843,0.6243574367762211,0.010265392869192086,3,29,0.6382230022379612,0.4010878880307086,1.0208625907594944,2.1606448748119025,True,0.6752691700882026,21,63.45370341245024,13.747030660747567,256,8,1,512,0.12559391643609377,0.001037050345738684,32,23,256,64,128,5,29.89816293248795,135.74488930866337,64,3,0.09947797460816271,0.004294873076776591,16,22,128,256,0.04,21,True,DL fold best_state is None,"Expected all tensors to be on the same device, but found at least two devices, cuda:0 and cpu!",0.5147976328662632,8.824767992728056,8.926879898673226,2,"baseline,xgboost",12.192434678987158,2.4866280667611496,9.70580661222601
44,10.383113604390534,0.04270859944827966,193,6,88,0.8496008695658003,0.4189201763406986,0.01849349004690187,4.100475603322509,0.01581313380367697,3,42,0.7016680909645701,0.416823849618894,0.327228855173304,7.130087289717466,False,0.7227222852223961,26,78.45532923380198,10.231843805482807,192,8,1,512,0.2565314492473981,0.000661410129002439,32,21,256,256,128,4,54.40296373532632,117.69928211411445,64,2,0.09887227591422955,0.0030038535703238276,8,21,128,256,0.04,143,False,DL fold best_state is None,"Expected all tensors to be on the same device, but found at least two devices, cuda:0 and cpu!",0.5145657578642093,8.839416330797906,8.91763978295499,2,"baseline,xgboost",,,
45,10.37564856763921,0.04247256351427242,47,7,94,0.8439070882974488,0.5646805642333212,0.027233796492795368,0.5332404124134639,0.010683085551733192,3,28,0.7043274160880568,0.4112370895129537,0.04259553196382885,2.6694870571551355,True,0.695591110841869,27,80.38970809612945,12.870366782022035,256,4,1,512,0.17018353754902793,0.0008695440765561323,32,24,256,64,128,5,27.234541696891426,120.17736706573852,64,3,0.19071696931450438,0.004113880025469951,16,22,128,256,0.04,27,True,DL fold best_state is None,"Expected all tensors to be on the same device, but found at least two devices, cuda:0 and cpu!",0.5135507127169677,8.834996429488307,8.923390476718051,2,"baseline,xgboost",,,
46,10.402875406037335,0.02625396335282032,95,4,52,0.7912066383178644,0.44063353449541487,0.0006239627943822805,0.6457810038130881,0.014410933201392619,6,38,0.6951221835385019,0.44642303431352526,0.38286578135924704,1.2827107813974068,True,0.6594723481506524,24,63.78818730696171,11.470165986881765,256,8,1,512,0.10614413000495436,0.0015001952907260216,32,28,128,64,128,4,44.169635145555716,91.6636727792577,64,3,0.05770478995585198,0.003228723762884418,16,20,128,256,0.04,24,True,DL fold best_state is None,"Expected all tensors to be on the same device, but found at least two devices, cuda:0 and cpu!",0.5142603906624529,8.860094234049976,8.90270036844883,2,"baseline,xgboost",,,
47,10.416190612190482,0.06777537961731371,106,4,57,0.9129380996721768,0.44077198041783894,0.0357027690718153,6.179727354606994,0.01112511263293536,6,41,0.6731115177266365,0.42172539519514907,0.2011956472991446,7.343093403830402,False,0.7948861959586577,31,57.99604298877277,6.3299269455794756,64,8,1,512,0.12203218949427092,0.00076378597887544,32,20,256,256,128,5,66.7321269518012,97.61212724322642,64,2,0.2390130022551169,0.004485438361016004,8,14,128,128,0.04,143,False,DL fold best_state is None,"Expected all tensors to be on the same device, but found at least two devices, cuda:0 and cpu!",0.5145547863916045,8.872526253015668,9.074183014456393,2,"baseline,xgboost",,,
48,10.44530211301675,0.039496128006765066,122,5,89,0.7239286383753183,0.544510464516352,0.0561659064892999,0.9871676228964713,0.0227595998455856,3,22,0.742140843270311,0.5291688547667114,0.020728333094968524,2.7529478819712,True,0.6795992045122186,27,76.21045592716433,12.751060417716113,256,4,1,512,0.291375759457711,0.0006704007956900098,64,24,256,256,128,5,21.452963970265728,102.16555930049071,64,3,0.3010372788961161,0.003609508029455357,32,22,128,128,0.04,27,True,DL fold best_state is None,"Expected all tensors to be on the same device, but found at least two devices, cuda:0 and cpu!",0.5125851642802282,8.907546620176065,8.924753195173773,2,"baseline,xgboost",,,
49,10.3790295040756,0.04476227777788394,164,5,90,0.6839209977370115,0.6995563835491336,0.17424819371517594,2.3536709400657703,0.010786859702565064,4,46,0.5787713584539754,0.5564551453773978,0.30916251856147664,8.506995490112619,False,0.7533415582618994,37,81.1535342037849,17.250484214237577,192,8,1,512,0.23141673685340217,0.0006832799510115146,32,29,256,64,64,5,39.50395933303365,136.63936008612396,64,2,0.12737058341312657,0.004651167192312613,16,22,128,256,0.04,143,False,DL fold best_state is None,"Expected all tensors to be on the same device, but found at least two devices, cuda:0 and cpu!",0.5150104523311734,8.83399814708208,8.943529252330402,2,"baseline,xgboost",,,
50,10.423275247957099,0.05842225212458524,102,7,59,0.6352885054114712,0.5848340181373699,0.12736486848145714,1.3236758140520637,0.020600584865119547,5,45,0.6459886604050711,0.5091646697072777,3.976864826926082,5.83010383028627,True,0.7153405099738243,31,70.37728019627473,19.702445362519647,192,8,1,512,0.23512687300774737,0.0011400472584135262,32,27,256,64,64,4,39.457102739769546,122.16152362889477,64,2,0.16483597269771483,0.004195003706754812,16,23,128,256,0.04,31,True,DL fold best_state is None,"Expected all tensors to be on the same device, but found at least two devices, cuda:0 and cpu!",0.5146505213000759,8.879323684056871,9.085589830978561,2,"baseline,xgboost",12.048702591817012,2.4993996460482104,9.549302945768801
51,10.396389766805866,0.026345566643070535,151,4,48,0.6368334326973719,0.8969540250796187,0.2091502239346037,6.326561073692621,0.016279711528120043,3,40,0.5203721457076251,0.5395197336930447,0.09689249294637432,5.693842655981172,False,0.7621613545228794,49,78.78216228331405,17.691265854500315,192,4,1,512,0.14257207988860088,0.0008257653584336579,32,40,256,128,64,5,39.20807907622553,142.1241504141933,64,2,0.08262643547167789,0.0017114686018159357,16,22,256,256,0.04,143,False,DL fold best_state is None,"Expected all tensors to be on the same device, but found at least two devices, cuda:0 and cpu!",0.5133422619164244,8.856362981056593,8.965950295114435,2,"baseline,xgboost",,,
52,10.40760511689324,0.04153295786392197,148,5,29,0.9291320651143287,0.5055666350856519,0.019071191443538353,3.699011168323798,0.011932696771149791,3,37,0.6936333111337604,0.48778808964354736,0.01565543599076661,4.124810451774567,False,0.6572162403008165,30,53.89490042243907,13.117642753543562,256,8,1,512,0.37782980357609175,0.0008074298818539249,32,20,256,128,128,4,61.68455544258369,92.7503464759925,64,1,0.09611359253871524,0.0021896922740355976,8,28,64,256,0.04,143,False,DL fold best_state is None,"Expected all tensors to be on the same device, but found at least two devices, cuda:0 and cpu!",0.5134349425823902,8.867300289146069,9.120886157834116,2,"baseline,xgboost",,,
53,10.394299203753405,0.05171845657135771,186,3,58,0.8661941486071388,0.7077783656564164,0.0017727603207196038,2.989299226840142,0.010879209811192583,4,32,0.5682964275639039,0.5264359278504648,7.68222916272675,1.623286120178209,False,0.6231870725335311,26,73.72368539940598,9.488184580043015,128,2,1,512,0.1320934948511089,0.0007619061052817253,32,26,256,64,64,5,61.69821564347143,108.46411496644137,64,3,0.07905178175158825,0.004829792845117571,16,27,64,256,0.04,143,False,DL fold best_state is None,"Expected all tensors to be on the same device, but found at least two devices, cuda:0 and cpu!",0.5167730777106252,8.843979970621529,8.99883691128854,2,"baseline,xgboost",,,
54,10.408883051381991,0.05276001200006529,76,9,83,0.7851477589229249,0.6592080400230534,0.0177276177205831,3.838218219088998,0.010644259987250227,6,34,0.7844925027104072,0.4216997062840911,0.03831793920741189,0.8584335709240025,True,0.8267720306612336,31,75.02523046362195,8.691406874636161,96,4,1,512,0.12113210277224984,0.0010497983148888158,32,26,256,64,32,5,25.492483007588287,117.75810425206527,128,2,0.19203546183755849,0.0036634796304028197,16,22,256,256,0.04,31,True,DL fold best_state is None,"Expected all tensors to be on the same device, but found at least two devices, cuda:0 and cpu!",0.5133673593514367,8.86878097332768,8.967717395014706,2,"baseline,xgboost",,,
55,10.424864920550228,0.04813025787465913,73,6,94,0.8906819330047191,0.5450237042228099,0.015825383493501648,0.21341508691626856,0.020593529847509343,3,34,0.7144518078835148,0.4027888856827101,0.016772160324887153,2.0305614006437103,True,0.6772063426014236,29,76.26791799305546,10.493090735574903,128,4,1,512,0.05340780191339885,0.0007356426412944267,64,27,256,64,128,5,38.03719868612383,143.37980526322872,64,2,0.3127604340550655,0.0047623120745716825,16,22,64,256,0.04,29,True,DL fold best_state is None,"Expected all tensors to be on the same device, but found at least two devices, cuda:0 and cpu!",0.5126516846720962,8.886909866533939,8.952182495007749,2,"baseline,xgboost",,,
56,10.395356024378618,0.053773187118113824,153,5,94,0.63488122700718,0.5995248134397971,0.008387545470922724,2.468044471487318,0.010682857184131192,5,34,0.6712260672626934,0.4599380133887089,1.201998218295866,1.5080135908371888,False,0.7044097924145134,27,69.03501813995186,10.387331514249254,192,8,1,512,0.18405896299520416,0.0006707168503517704,64,23,256,64,128,5,46.53687997953375,147.77670253126075,128,1,0.07937115649066234,0.002971339248614151,16,15,128,256,0.04,143,False,DL fold best_state is None,"Expected all tensors to be on the same device, but found at least two devices, cuda:0 and cpu!",0.5147349035276277,8.851151313795734,8.93704291166884,2,"baseline,xgboost",,,
57,10.423206384432751,0.06443930514750469,171,3,62,0.9060566893657926,0.60560733276162,0.029675423663576807,5.56209637268979,0.015794035947328432,4,40,0.644313659574013,0.4628070958072342,0.04577340919565588,3.8627243269033675,False,0.7742586735113743,28,79.84774655194981,13.515943996937292,192,2,1,256,0.24568028126319352,0.0008927323044826321,32,20,256,256,32,3,43.7780384837582,97.40448966629259,64,2,0.12553476095535163,0.00255163576411045,8,20,128,256,0.04,143,False,DL fold best_state is None,"Expected all tensors to be on the same device, but found at least two devices, cuda:0 and cpu!",0.5140024586003631,8.881199008631661,9.02116783432996,2,"baseline,xgboost",,,
58,10.381320392938953,0.03572580406479361,120,10,76,0.9067416739688222,0.4470031394210484,0.5167491630683424,7.064427023693566,0.015079097057632303,3,35,0.6062855103181094,0.5461149781030623,9.052849377715244,9.969562314604085,False,0.7260136956300939,24,82.37844680487963,6.921554888919625,192,8,1,512,0.1378810947753846,0.0006093100450445131,16,27,256,256,128,2,33.725732519666145,133.7970319554984,64,2,0.06273452154890934,0.0036872773899521514,8,20,128,256,0.04,143,False,DL fold best_state is None,"Expected all tensors to be on the same device, but found at least two devices, cuda:0 and cpu!",0.5162395630888614,8.832601703672369,8.951905802713704,2,"baseline,xgboost",,,
59,10.405448402024623,0.021961920213807894,76,13,91,0.9171588658004565,0.6390536657514063,0.1349951092715991,1.9686421252371542,0.027411712726281418,3,34,0.5870560864512664,0.4298335982597247,1.9050752096110137,4.6543719490059035,False,0.700783810430578,22,86.4062050040944,4.483057587790446,64,8,1,512,0.11843783177253925,0.0008928202176671773,16,30,256,256,128,3,26.447633076692764,131.9115172693148,64,2,0.09259236392514243,0.0019662872685662007,8,22,128,256,0.04,143,False,DL fold best_state is None,"Expected all tensors to be on the same device, but found at least two devices, cuda:0 and cpu!",0.5142809190650242,8.86260564482955,8.863168503654972,2,"baseline,xgboost",,,
60,10.494281383350206,0.057796411294924306,201,10,44,0.942724204690106,0.5837674329850655,0.0005510289280676304,0.23371908242187409,0.018049373383369184,5,23,0.6741486794374358,0.42415804250523687,0.07701255861090955,1.01511485199184,True,0.6727417068165475,23,65.56068121171879,14.813183050376002,256,8,3,512,0.13879578681449442,0.0006595982464221112,16,24,256,128,128,5,22.024242332092665,136.54735828762682,64,3,0.14188254344979448,0.0038758788413609975,16,20,128,64,0.02,23,True,DL fold best_state is None,"Expected all tensors to be on the same device, but found at least two devices, cuda:0 and cpu!",0.5159379738158195,8.946467461902747,9.12961820860047,2,"baseline,xgboost",12.105796910442454,2.5030544613424373,9.602742449100017
61,10.420641871010062,0.05103014839749844,56,4,100,0.8259299552929862,0.7395094898403252,0.0025229377461080285,1.1855024605890616,0.015420800542954862,4,22,0.7281611000318338,0.5117235379025498,0.009909262029399592,5.147440949348922,True,0.6623924255935689,34,59.10320032142405,17.13504719520867,192,4,1,128,0.0773106764082579,0.0008309739671577945,32,22,64,64,128,5,26.07948132844242,109.9101427627234,64,3,0.18064000524515214,0.0028151125525814765,32,26,128,256,0.04,34,True,DL fold best_state is None,"Expected all tensors to be on the same device, but found at least two devices, cuda:0 and cpu!",0.5128257891150998,8.882164503664763,8.939323174726399,2,"baseline,xgboost",,,
62,10.432907228216607,0.09742394649044991,41,4,67,0.9417804421497051,0.6279995740444929,0.019797738364343096,0.4911545288516967,0.01705437080568973,3,31,0.7224636933000076,0.5268235517152228,0.08579779717197042,1.3713512743625988,True,0.8144335867567732,22,57.90740554718628,16.015931243482346,256,8,3,512,0.08341951150117884,0.0007883236893489812,32,17,256,128,128,4,27.687275928650106,140.5430892149846,32,3,0.05417924301242728,0.0036345029796499935,8,24,128,256,0.04,28,True,DL fold best_state is None,"Expected all tensors to be on the same device, but found at least two devices, cuda:0 and cpu!",0.5114378829898701,8.898593579246995,9.174905365281251,2,"baseline,xgboost",,,
63,10.398238361696992,0.04687005479734431,59,5,73,0.8556438360345373,0.5889634027658789,0.0713722061748344,0.2678495909070719,0.013858634672310735,4,37,0.6594029909448558,0.5599478528274744,0.0005705652430393185,3.2825359574278323,True,0.6936132161204879,37,89.65074679156342,15.678834465983797,256,4,3,512,0.19117778326231666,0.001446276793360397,32,29,256,64,128,4,27.827317903637056,149.73610512813886,64,3,0.08890973104103683,0.002001869887784845,16,25,128,256,0.02,37,True,DL fold best_state is None,"Expected all tensors to be on the same device, but found at least two devices, cuda:0 and cpu!",0.512755543355779,8.859971731629654,8.98010619818379,2,"baseline,xgboost",,,
64,10.387505036362246,0.014488660583206173,114,3,29,0.9046729918114105,0.4725828421768267,0.01078119236620276,2.499557017453363,0.012387110862783018,3,43,0.5897810471524196,0.5560545325102475,2.1013286985437007,0.4129928588217167,False,0.6028166229824482,20,74.3132769240754,16.414685909011155,128,8,1,512,0.2429529516643505,0.0012189316809090125,32,22,256,64,128,4,52.72745681984782,134.07441222870403,64,1,0.1475676982139431,0.0034969378235719683,16,23,64,128,0.04,143,False,DL fold best_state is None,"Expected all tensors to be on the same device, but found at least two devices, cuda:0 and cpu!",0.514271678421124,8.844690001098874,8.922369025093799,2,"baseline,xgboost",,,
65,10.444758680292546,0.04849865802995362,183,8,76,0.9261341074930642,0.49596437048270575,0.8735653961779785,5.508780632127611,0.015759356984315465,4,24,0.8894776344115576,0.6964180951087293,1.0083949535994077,8.15026939387291,False,0.7639442973777671,22,71.43940376195724,9.522665100680626,192,8,1,128,0.21185078291138731,0.0005120612917837486,16,29,256,256,128,2,33.417190001208226,120.83615269600395,64,1,0.0986360122040212,0.0038685389231778783,8,21,128,256,0.04,143,False,DL fold best_state is None,"Expected all tensors to be on the same device, but found at least two devices, cuda:0 and cpu!",0.5161118546659981,8.896423116294551,8.980353709817754,2,"baseline,xgboost",,,
66,10.40129893528892,0.021418870659616143,57,11,80,0.8768358390190077,0.6760431194398936,0.0758826989973454,0.4153313090153159,0.011952470549689176,5,27,0.6820107873233008,0.5091702306678436,0.3419333082205578,4.744317622666383,True,0.652779446265788,23,83.10592746670861,15.849046413783801,256,2,2,512,0.11948634532247734,0.0007496760497477538,32,19,256,64,32,4,23.26788438893796,103.59927830199692,128,3,0.15329088786029343,0.002762763330417134,16,21,128,256,0.04,23,True,DL fold best_state is None,"Expected all tensors to be on the same device, but found at least two devices, cuda:0 and cpu!",0.5139896060873652,8.859330117026825,8.89923327279527,2,"baseline,xgboost",,,
67,10.450766121939223,0.030001935025852744,149,7,69,0.8403787619621005,0.4820369833940762,0.15291247113700754,3.8961364634455475,0.018273143279160377,6,39,0.7462368588288182,0.5243589148759779,0.921807800998064,8.44408635456597,False,0.7616995339097399,30,70.44489186018136,10.309851576149184,192,8,1,512,0.2425134808732248,0.00102848175051106,32,19,256,256,128,4,46.325205946615554,139.8800581901648,64,1,0.055236594304132296,0.0018833548995773562,16,26,256,128,0.04,143,False,DL fold best_state is None,"Expected all tensors to be on the same device, but found at least two devices, cuda:0 and cpu!",0.5154712068047499,8.904352501524974,8.92033512984501,2,"baseline,xgboost",,,
68,10.425515400709093,0.04476187825253712,245,4,100,0.748535547241661,0.5071507485622573,0.3800687510523803,0.8385283789741445,0.027316898752374037,3,40,0.7107749271476431,0.5520531348081898,0.336302756247901,8.122453369472467,False,0.6459382832588401,38,80.82660462793767,8.584922945072607,64,4,1,512,0.2378591208675082,0.001102880269846684,32,22,256,256,128,5,47.927506674232184,81.38449318658365,64,2,0.058770330371841914,0.003850446959872154,16,21,128,256,0.04,143,False,DL fold best_state is None,"Expected all tensors to be on the same device, but found at least two devices, cuda:0 and cpu!",0.5150498109510343,8.88036596785599,8.895651392734571,2,"baseline,xgboost",,,
69,10.406127014994066,0.07192718502237964,15,6,80,0.8968805722507545,0.7501432341053201,0.4850224144385506,0.5355757090023548,0.011436143934680506,4,29,0.6342680845393068,0.44206184931149906,0.6752303655237398,9.690186043615201,False,0.6832989898337423,31,84.10716297834081,13.380196846676837,256,4,2,128,0.19536273706601662,0.0010331268387793171,32,28,256,64,128,5,41.442200990425405,132.6037435647038,32,3,0.2563875712795607,0.00368350791834389,16,23,128,256,0.04,143,False,DL fold best_state is None,"Expected all tensors to be on the same device, but found at least two devices, cuda:0 and cpu!",0.5151879557242275,8.860563147821384,9.064634536144359,2,"baseline,xgboost",,,
70,10.413216611430036,0.032534185454762325,203,4,24,0.5482288215044904,0.7699895358555866,0.5137795073142527,1.4206721444022543,0.013087186241922396,4,44,0.5171639744468568,0.6591426947418004,0.058519678203218566,5.257347049198853,False,0.7924430137981181,37,80.62355216687108,15.253019383815154,128,8,1,512,0.1615139676439204,0.0006809291576960157,32,27,256,64,64,5,44.949020000053224,136.92232124472915,64,2,0.12724374905110827,0.004829923019661466,8,21,128,64,0.04,143,False,DL fold best_state is None,"Expected all tensors to be on the same device, but found at least two devices, cuda:0 and cpu!",0.5138326842151536,8.871718558784575,9.05569045492113,2,"baseline,xgboost",12.212689196207059,2.5257772893387243,9.686911906868335
71,10.386034545290054,0.015196437941160244,113,7,26,0.8776889530899135,0.4369804861201323,0.014142613511500566,9.723281733823523,0.013286211082670146,3,43,0.6162122416035786,0.47481455428031877,5.21231378305039,2.5576315573236106,False,0.6774355304389788,44,87.27610986445481,8.506225057384714,128,4,1,512,0.22658491106402104,0.0012623216528347674,32,36,256,64,128,4,32.07031107207894,126.94846066499252,64,2,0.09674939002401695,0.0028997831058445414,16,26,64,64,0.02,143,False,DL fold best_state is None,"Expected all tensors to be on the same device, but found at least two devices, cuda:0 and cpu!",0.5150093764217234,8.841006416024884,8.969285190886124,2,"baseline,xgboost",,,
72,10.403419895521148,0.01086662235231962,107,5,15,0.8678875039575862,0.48825470998639103,0.20899608967305927,2.104528643436465,0.015965927511807955,5,50,0.6462015234590297,0.6626416344587571,5.3090517087086715,0.6791080951705852,False,0.7332698118122586,48,87.5932865693665,6.258328247376145,128,4,2,512,0.20914078348570928,0.000594671691703174,32,37,256,64,128,4,39.95594515182539,107.80131033113814,64,1,0.09102709254036298,0.002307678648654443,16,17,64,64,0.02,143,False,DL fold best_state is None,"Expected all tensors to be on the same device, but found at least two devices, cuda:0 and cpu!",0.5148572555337346,8.858848128919945,8.940204607111827,2,"baseline,xgboost",,,
73,10.436218697882671,0.030213194044515824,79,8,23,0.6759606320446117,0.5288872075447699,0.0036939309430009037,1.8552456679471252,0.015736275941935187,3,18,0.5230966381109389,0.5603871080269629,2.3539178544434853,0.795976190744746,False,0.6135384254131924,45,83.70705024007611,9.680590957175514,96,8,1,512,0.09424491962961287,0.0007466765812266847,32,27,128,64,128,4,45.7846311798845,139.45650494334882,64,2,0.15487028796485888,0.002521406380580475,16,24,64,64,0.04,143,False,DL fold best_state is None,"Expected all tensors to be on the same device, but found at least two devices, cuda:0 and cpu!",0.5126663065951056,8.898219778097355,9.153588303633564,2,"baseline,xgboost",,,
74,10.418190188279183,0.018996881597738994,113,11,73,0.831247516849088,0.4248309381464478,0.0019834518064356563,3.2618924084169634,0.026537835569522626,3,30,0.6254562104249851,0.5435465224707735,2.8937680417011946,8.96564815057021,False,0.7876989896836547,33,74.74324349499705,8.74821536663898,192,8,1,512,0.3580835482227946,0.001078794163865275,32,26,256,256,32,4,74.1444197702175,118.15103396408388,64,2,0.2594321884992615,0.001734859868704302,8,22,128,256,0.04,143,False,DL fold best_state is None,"Expected all tensors to be on the same device, but found at least two devices, cuda:0 and cpu!",0.5145254406367934,8.874613866368803,8.885527314691188,2,"baseline,xgboost",,,
75,10.383951687022222,0.010523056218438574,102,9,34,0.8586781983377751,0.416006633491788,0.029063408876702716,5.437345605234498,0.015034245834255024,3,40,0.5288571943288738,0.6089444482289619,0.6346900325776107,9.905235295115318,False,0.7538697230194807,56,81.87580795467036,12.550804890372742,256,4,1,512,0.18939650425811103,0.0014788387842605227,32,34,256,64,32,4,35.251507720029295,111.42287565666257,32,2,0.11341946663691357,0.003300340153596565,16,25,64,64,0.02,143,False,DL fold best_state is None,"Expected all tensors to be on the same device, but found at least two devices, cuda:0 and cpu!",0.5141644930218331,8.841458207956723,8.922418371381413,2,"baseline,xgboost",,,
76,10.4411150024447,0.013718926711018405,116,7,32,0.8329827408278206,0.5904193071594958,0.009563781554127808,4.397789399886156,0.012923503617635375,5,24,0.5720811542427457,0.7110773798661629,0.01707980491842839,5.024250853193156,False,0.79762175879047,57,57.46715860508005,9.14562555024926,256,4,1,128,0.16941762669300042,0.0012488956969630826,32,39,256,64,32,4,51.3017647101955,72.46341789640215,32,2,0.11956221843157618,0.0026248958082324596,16,24,128,64,0.02,143,False,DL fold best_state is None,"Expected all tensors to be on the same device, but found at least two devices, cuda:0 and cpu!",0.5134458507510337,8.9007774501916,8.948525375435418,2,"baseline,xgboost",,,
77,10.384009335123414,0.040351625439329485,130,7,95,0.7099508663485629,0.6942379620771361,0.16257741549657767,2.224503783140564,0.012422352240343144,4,47,0.6007905878875062,0.4902898035504773,0.0040816160532417675,2.705534670036478,False,0.7735459559718779,30,82.06792499439871,15.223848502534205,192,8,3,512,0.25718340587189104,0.0006458732395208969,64,34,256,64,64,5,40.83935236025903,120.02192771061385,64,2,0.11424890935729062,0.0034935520862363002,32,22,128,256,0.02,143,False,DL fold best_state is None,"Expected all tensors to be on the same device, but found at least two devices, cuda:0 and cpu!",0.5144272966339971,8.840727445221424,8.919205600313251,2,"baseline,xgboost",,,
78,10.402072259362193,0.022440298217104127,93,7,55,0.8313018406071077,0.8514255944016731,0.0825058892574191,3.728002408804487,0.015075773118636584,4,42,0.5604358646961047,0.5433018389093823,0.00021082136747822993,2.572898311353522,False,0.7517943899611411,24,89.63066772213367,10.786399950641522,128,8,3,512,0.22259582550273402,0.0007250455889835999,64,37,256,64,64,4,36.35978654819014,107.72248502145405,128,1,0.09378886953544928,0.002335130779442125,32,21,256,256,0.02,143,False,DL fold best_state is None,"Expected all tensors to be on the same device, but found at least two devices, cuda:0 and cpu!",0.5138572779691493,8.860500425454745,8.941670569459312,2,"baseline,xgboost",,,
79,10.427833924810402,0.06033017065806024,40,10,42,0.7337289666340127,0.7931418293802048,0.15068528869456385,2.0393192392286332,0.017275751472284603,3,45,0.5924142404125754,0.40884276252582563,0.0064968579542249065,1.9712068649354924,False,0.7984040011281871,37,59.75330852246102,17.41434699161022,192,8,2,512,0.2997010796463442,0.0009499883550341278,64,31,128,128,64,5,59.71893490209678,102.39482454674891,64,3,0.08204876148623735,0.003199021492132544,32,23,128,256,0.02,143,False,DL fold best_state is None,"Expected all tensors to be on the same device, but found at least two devices, cuda:0 and cpu!",0.51288384980863,8.889182375384513,9.205932932474758,2,"baseline,xgboost",,,
80,10.408581058005296,0.012954065336832155,50,9,40,0.8481449708438535,0.5761364203766993,0.014084895425540228,5.447986375433521,0.02025752635069734,3,30,0.5847256904764374,0.49455717083524753,0.030558210266609983,9.124775223702203,False,0.727230487615323,42,76.51134766188285,12.333978109309147,256,4,2,512,0.14202077951912112,0.0009760165866476433,32,31,256,64,32,5,21.555850063963103,114.61913657097777,32,2,0.13702322423627142,0.0041978883132885916,16,25,64,128,0.02,143,False,DL fold best_state is None,"Expected all tensors to be on the same device, but found at least two devices, cuda:0 and cpu!",0.5136182379544961,8.867726344141808,8.907762169010246,2,"baseline,xgboost",12.299319023058477,2.5381504050900734,9.761168617968403
81,10.485582602855327,0.04157421446550162,130,7,99,0.7537595225763122,0.8681383077086822,0.8806928208450795,0.5865125509245553,0.027322336306516506,4,41,0.666126538931947,0.45454125277386365,0.006685636136592555,4.827925828847795,False,0.694666797494065,31,74.7575977110369,17.93713877022578,256,8,4,512,0.20348472164742382,0.0005585260353729633,64,24,256,64,64,5,35.88380680374718,130.26599787974027,64,2,0.1855839055169257,0.0010679180300093702,32,30,128,256,0.02,143,False,DL fold best_state is None,"Expected all tensors to be on the same device, but found at least two devices, cuda:0 and cpu!",0.5157280647614225,8.938398408571059,8.938714824000604,2,"baseline,xgboost",,,
82,10.398958798847406,0.05415220183316752,93,7,53,0.8919162510817633,0.6457282757445058,0.0005199694141343656,0.3847035393571399,0.016811806844049603,4,19,0.5608136936417042,0.4857408924104527,8.77702332924345,5.720955955957021,False,0.6018789221071942,26,69.12968084504206,10.791608655881618,256,8,2,512,0.20649104006182534,0.0007583988141540946,32,28,256,64,32,5,28.296867764117255,129.13927859850116,64,3,0.12932593670313444,0.004144731873020185,8,19,128,128,0.04,143,False,DL fold best_state is None,"Expected all tensors to be on the same device, but found at least two devices, cuda:0 and cpu!",0.5159454556999343,8.851122431747603,9.063597916915322,2,"baseline,xgboost",,,
83,10.405925952595567,0.038469475643027225,199,9,70,0.7016350519651335,0.4701523206305357,0.00782971004171444,4.473019641961862,0.01834258275719585,4,44,0.7418601519124078,0.465036246959591,5.336836559665772,1.590116235102507,False,0.7219731100622347,20,72.98069751085748,11.408533760404895,192,8,2,512,0.23565171462498632,0.0006905188845868662,64,23,256,256,128,5,60.62274032428162,131.60578884289706,64,2,0.13579267462397585,0.004828988410403396,8,24,128,256,0.02,143,False,DL fold best_state is None,"Expected all tensors to be on the same device, but found at least two devices, cuda:0 and cpu!",0.5146381355047464,8.862011546081328,8.936565859836387,2,"baseline,xgboost",,,
84,10.493475195192534,0.05458177919526934,76,5,68,0.6559927176924633,0.6509658396264265,0.5148271285550965,7.475815453200008,0.023570407990468348,4,43,0.6922439812492868,0.6247056028911142,0.0028626523165858303,0.8223878519164449,False,0.729386164908103,31,52.96803666859056,19.852876890534198,192,8,3,256,0.25718812649767625,0.0007069777958897945,64,39,256,64,64,5,41.53783240848114,89.19891938748489,32,2,0.15064651757159522,0.0030854609826795436,32,22,64,256,0.02,143,False,DL fold best_state is None,"Expected all tensors to be on the same device, but found at least two devices, cuda:0 and cpu!",0.5165430680914589,8.943845990918158,9.042582576261317,2,"baseline,xgboost",,,
85,10.478403322921878,0.06715964872503834,145,13,35,0.8892739312623776,0.46698017631818234,0.6677276035783488,8.483237536105266,0.017250674795502376,7,34,0.5927482079565877,0.6157432094288476,0.19541254498558533,9.32337500637442,False,0.7590096877102755,23,86.71722236984955,6.180067643671661,192,8,2,512,0.13491672011350825,0.0005764068829215243,16,27,256,64,128,3,52.366474017366656,123.86100183737746,64,3,0.25087779503211605,0.004698254676369615,16,17,128,64,0.04,143,False,DL fold best_state is None,"Expected all tensors to be on the same device, but found at least two devices, cuda:0 and cpu!",0.5151329097071079,8.933004593800554,9.216849234752098,2,"baseline,xgboost",,,
86,10.402260611178233,0.03463483651526371,170,7,64,0.8837113966782808,0.5266195071114872,0.020463680609422684,2.689268638071406,0.010911583965734073,4,35,0.6721013647040079,0.5348710300948023,0.00022291419102326784,1.4608776170917148,False,0.6703756065188645,31,70.14643715605787,16.73740785741534,192,8,2,512,0.28080341300407613,0.0005309441489832378,64,37,256,64,64,4,49.75103800397593,134.65616533416284,64,2,0.05102958719438638,0.003678834146333651,32,29,128,256,0.02,143,False,DL fold best_state is None,"Expected all tensors to be on the same device, but found at least two devices, cuda:0 and cpu!",0.5143722783016328,8.859143776273335,8.955496911014071,2,"baseline,xgboost",,,
87,10.420878336711718,0.06443901006652626,190,6,91,0.7809023036013727,0.7912016187976411,0.09698155334993792,1.2089088734816458,0.014381657009507425,6,37,0.5718067726896133,0.42761145191069727,0.009401692163756232,5.066123778595309,False,0.8572112701402441,31,77.83994107583878,15.350025639547107,192,8,5,512,0.26556462320850915,0.0006816766627430866,32,36,256,256,64,5,51.11175596175632,101.29573861387385,128,2,0.18713365257690423,0.00469998012860138,8,20,128,256,0.02,143,False,DL fold best_state is None,"Expected all tensors to be on the same device, but found at least two devices, cuda:0 and cpu!",0.5132755664987813,8.881051637215375,9.01305460301656,2,"baseline,xgboost",,,
88,10.465887948336158,0.08942507311188638,53,7,91,0.8020953048682916,0.54510730260791,0.005675641416443433,0.18384693866217608,0.01504603238857774,6,17,0.6042605463081392,0.43271907576020224,1.3208740820995393,3.2837825009331088,True,0.7356745535812009,20,33.89394199470145,9.953638427605703,256,8,1,512,0.14297917010492123,0.0014318028353618435,32,23,256,64,128,4,54.32415544097199,140.34076399935006,32,3,0.21489341503981574,0.003971532860389361,16,21,256,64,0.04,21,True,DL fold best_state is None,"Expected all tensors to be on the same device, but found at least two devices, cuda:0 and cpu!",0.5138285668537932,8.924402247774779,9.078399380839903,2,"baseline,xgboost",,,
89,10.413387032296967,0.06163077402190444,71,6,88,0.7907695100275218,0.5861737500701334,0.011331320654704843,0.3833143115061602,0.012506516102312066,5,20,0.5903508885831906,0.40455460579435976,3.9112641258265755,1.7143741946859254,False,0.6180116253578929,23,67.74475328581761,9.872936226950737,256,2,2,512,0.12727898118333728,0.0023460821421347664,32,24,256,64,128,5,26.758121682434126,129.5487029873801,64,3,0.06765708621715448,0.0045786252164167875,16,20,128,256,0.04,143,False,DL fold best_state is None,"Expected all tensors to be on the same device, but found at least two devices, cuda:0 and cpu!",0.5148999751132571,8.868687106957196,9.005712314199172,2,"baseline,xgboost",,,
90,10.408996271939165,0.029055084490176762,45,3,34,0.91916993924209,0.6976328222681331,0.004769743717369293,1.0798109269928433,0.0267239458081458,3,33,0.5590021466644652,0.46895159701584327,5.952949762522671,1.4239024784775838,True,0.6828097488839615,25,55.56489112744726,13.049926418673442,256,8,1,512,0.1820347528744822,0.0008499980943405709,16,21,256,256,128,4,26.130666147149608,133.0712133140265,64,3,0.10585921647262514,0.004220038678661013,16,29,128,256,0.04,25,True,DL fold best_state is None,"Expected all tensors to be on the same device, but found at least two devices, cuda:0 and cpu!",0.5135643273685453,8.868303289833529,8.961107309630732,2,"baseline,xgboost",11.995603168918871,2.498567548992966,9.497035619925905
91,10.356714634282442,0.012231415443284788,233,8,92,0.8952998254229149,0.4448571283821456,0.06536773212960893,4.74579011977054,0.011610803685215854,3,31,0.635266655250298,0.9093633458620625,4.762594894108931,7.771948997485192,False,0.6073347939877913,47,84.0014299341346,15.6987275408086,256,4,1,512,0.17284433760619108,0.0025585775737900457,32,38,256,128,32,4,28.510090064804306,119.02887847965988,32,1,0.14586695678186545,0.0013022836713612069,16,25,64,64,0.02,143,False,DL fold best_state is None,"Expected all tensors to be on the same device, but found at least two devices, cuda:0 and cpu!",0.5169767128805364,8.805784495640832,8.868387514196446,2,"baseline,xgboost",12.296608448870838,2.506253261198775,9.790355187672063
92,10.377785354374085,0.013067305100355179,214,10,67,0.9296988369521545,0.46102697199594095,0.01171961376963051,3.297786804871249,0.011175230517555054,6,23,0.5693750170911073,0.6835358529889282,8.546646839991146,8.864257697671064,False,0.6177041405601411,37,67.61609407989312,11.332580389973272,256,4,1,512,0.1382460987733285,0.004043358563374243,32,40,256,128,128,3,47.22709452691749,70.68648225308576,32,1,0.1469639712191246,0.0006575605556661038,16,28,64,64,0.02,143,False,DL fold best_state is None,"Expected all tensors to be on the same device, but found at least two devices, cuda:0 and cpu!",0.5162513143368167,8.829031411363635,8.868932029353784,2,"baseline,xgboost",,,
93,10.47435018252406,0.018272371350462866,161,8,72,0.9320027693593962,0.4325435571351254,0.02171700406850895,0.6442878427322013,0.01536339052332357,8,13,0.550128294908986,0.5339696984625245,1.9298118144902954,2.9071924592082654,False,0.6303679133111127,37,61.59471553688335,10.136764014158345,256,4,1,512,0.16343802533959367,0.003518670647997847,32,36,256,128,128,3,37.18968904370051,73.73753143233547,32,1,0.15652108209903262,0.0005127795378456569,16,24,64,64,0.02,143,False,DL fold best_state is None,"Expected all tensors to be on the same device, but found at least two devices, cuda:0 and cpu!",0.5151823352036932,8.92880317691298,8.89255445769238,2,"baseline,xgboost",,,
94,10.40580258862672,0.015501455824575612,117,9,62,0.8662172485590326,0.4662973915608232,0.021053797940177817,4.226327532232226,0.015321864541935291,4,31,0.6526395841998447,0.8088833110475973,3.964736555508833,4.993492908975752,False,0.6388388520284519,47,70.80341222730681,16.22662795148114,256,2,1,512,0.09574574458019737,0.0017175559389982493,32,40,64,128,32,5,42.23332563922403,143.91235188716155,32,2,0.09851833557575829,0.0007899945817193555,16,24,64,128,0.02,143,False,DL fold best_state is None,"Expected all tensors to be on the same device, but found at least two devices, cuda:0 and cpu!",0.5149427287386149,8.860974402410875,8.884144581682472,2,"baseline,xgboost",,,
95,10.376204983249874,0.01210623920286752,188,3,45,0.7627124576949778,0.45769227971400883,0.00792521056975529,7.181209397152745,0.010703408962093134,5,36,0.5656163816742537,0.7886210163199199,5.469388217568528,6.091361382351224,False,0.7535883617470908,54,69.5399452550298,11.659581657982347,256,8,2,512,0.18743046823456816,0.002669054873225194,32,29,256,64,64,4,30.79560918422973,109.7141177133843,32,2,0.081912468157019,0.0037273404730268334,16,21,64,64,0.04,143,False,DL fold best_state is None,"Expected all tensors to be on the same device, but found at least two devices, cuda:0 and cpu!",0.5160266681190335,8.828124978892774,8.91114714235576,2,"baseline,xgboost",,,
96,10.418874437093676,0.012410508290481213,183,7,32,0.8980642648461514,0.6184501023229929,0.009534660237449706,3.317136138403846,0.010544015646452328,4,16,0.6362370676977034,0.9425875590639944,3.300990356487211,4.793551184557921,False,0.8262499652030866,52,70.06880998082565,13.723529289511701,256,8,1,512,0.17284871638544785,0.0012296397883079181,32,22,256,64,64,3,35.329889828854675,77.30707237946051,32,2,0.17172017624788116,0.0027630826736628694,32,22,64,64,0.04,143,False,DL fold best_state is None,"Expected all tensors to be on the same device, but found at least two devices, cuda:0 and cpu!",0.5158314234217867,8.871380166828315,8.971613347169418,2,"baseline,xgboost",,,
97,10.383122030075661,0.01608290584773901,211,5,34,0.5262271599857004,0.6004135915352867,0.08123240625466958,1.9653877863403744,0.01283351147006362,4,42,0.5845412236243134,0.7728131257362818,6.761407465524402,9.970184487227176,False,0.752015711618366,55,49.52015762631508,8.844518298294345,256,8,3,512,0.15809351112098385,0.0033261068977745666,32,29,256,64,64,4,26.23983808552277,78.32677267564972,32,2,0.07877743087849626,0.002431723586532804,16,26,64,64,0.04,143,False,DL fold best_state is None,"Expected all tensors to be on the same device, but found at least two devices, cuda:0 and cpu!",0.5153037303514834,8.83721083902121,8.942553770038161,2,"baseline,xgboost",,,
98,10.44344849040477,0.028120475517956912,118,4,28,0.523441673104307,0.81608167280794,0.008871987415139847,0.5454078507536796,0.015432027866764843,5,36,0.6310519157528133,0.7971718279065351,0.40141242803662347,4.010910610670215,False,0.8294575814182922,40,53.84171225807364,5.4293658669112475,256,8,3,512,0.06825459800813609,0.0030283595564695,32,28,256,64,64,4,22.316650144720917,52.53191718909436,32,2,0.1439395959510401,0.0016394003609755447,16,29,64,64,0.04,143,False,DL fold best_state is None,"Expected all tensors to be on the same device, but found at least two devices, cuda:0 and cpu!",0.5140659774809105,8.901250557962037,9.005604919474692,2,"baseline,xgboost",,,
99,10.391128643556272,0.018984153258792325,219,7,96,0.7314424035363996,0.6050266762343582,0.0017175190405426075,1.6939203628354358,0.010831716386624387,5,26,0.6646391787915653,0.9001929395405925,3.170236151510019,9.377137502342878,True,0.6282924712805454,53,85.23356599417416,13.841200550679273,256,4,2,512,0.16769209555831333,0.0009605011920924513,32,40,256,128,32,4,45.98799217601798,129.20111269758462,128,1,0.15986239716703654,0.002581483055110928,16,23,128,64,0.02,53,True,DL fold best_state is None,"Expected all tensors to be on the same device, but found at least two devices, cuda:0 and cpu!",0.5160009066060756,8.843125923738045,8.865388454572326,2,"baseline,xgboost",,,
